timestamp,wrk_threads,connections,duration,run,requests_per_sec,total_requests,transfer_per_sec,mean_latency_us,latency_stddev_us,p50_latency_us,p75_latency_us,p90_latency_us,p95_latency_us,p99_latency_us,max_latency_us,connect_errors,read_errors,write_errors,timeout_errors,non_2xx_3xx_responses,status,exit_code,warmup_exit_code,raw_file
"2026-09-28T13:18:06Z",1,1,"30s",1,15237.08,458634,"1.02MB",20.770000,30.770000,20.000000,20.000000,23.000000,,43.000000,3460.000000,,,,,,OK,0,0,"connections_1_run_1.txt"
"2026-09-28T13:18:38Z",1,1,"30s",2,15213.81,457931,"1.02MB",20.970000,30.740000,20.000000,21.000000,23.000000,,43.000000,3390.000000,,,,,,OK,0,0,"connections_1_run_2.txt"
"2026-09-28T13:19:10Z",1,1,"30s",3,15363.54,462431,"1.03MB",20.490000,21.680000,20.000000,21.000000,23.000000,,40.000000,3400.000000,,,,,,OK,0,0,"connections_1_run_3.txt"
"2026-09-28T13:19:42Z",1,1,"30s",4,15131.22,455449,"1.01MB",20.860000,21.390000,20.000000,21.000000,24.000000,,44.000000,3360.000000,,,,,,OK,0,0,"connections_1_run_4.txt"
"2026-09-28T13:20:14Z",1,1,"30s",5,15233.62,457010,"1.02MB",21.000000,36.160000,20.000000,21.000000,23.000000,,43.000000,3430.000000,,,,,,OK,0,0,"connections_1_run_5.txt"
"2026-09-28T13:20:49Z",4,10,"30s",1,38990.60,1173615,"2.60MB",119.140000,34.830000,118.000000,138.000000,148.000000,,228.000000,3510.000000,,,,,,OK,0,0,"connections_10_run_1.txt"
"2026-09-28T13:21:21Z",4,10,"30s",2,39229.61,1180785,"2.62MB",117.840000,33.870000,116.000000,137.000000,146.000000,,227.000000,3490.000000,,,,,,OK,0,0,"connections_10_run_2.txt"
"2026-09-28T13:21:53Z",4,10,"30s",3,39260.30,1181733,"2.62MB",117.840000,33.100000,116.000000,137.000000,146.000000,,226.000000,3380.000000,,,,,,OK,0,0,"connections_10_run_3.txt"
"2026-09-28T13:22:25Z",4,10,"30s",4,39337.23,1184016,"2.63MB",117.220000,32.960000,115.000000,137.000000,145.000000,,223.000000,3500.000000,,,,,,OK,0,0,"connections_10_run_4.txt"
"2026-09-28T13:22:57Z",4,10,"30s",5,39325.57,1183666,"2.63MB",117.610000,32.860000,116.000000,137.000000,146.000000,,225.000000,3420.000000,,,,,,OK,0,0,"connections_10_run_5.txt"
"2026-09-28T13:23:33Z",4,25,"30s",1,41511.62,1249487,"2.77MB",492.230000,64.420000,498.000000,517.000000,538.000000,,696.000000,3920.000000,,,,,,OK,0,0,"connections_25_run_1.txt"
"2026-09-28T13:24:05Z",4,25,"30s",2,41577.16,1251461,"2.78MB",492.400000,66.070000,498.000000,517.000000,539.000000,,707.000000,3890.000000,,,,,,OK,0,0,"connections_25_run_2.txt"
"2026-09-28T13:24:37Z",4,25,"30s",3,41617.22,1252652,"2.78MB",490.020000,68.040000,497.000000,517.000000,538.000000,,693.000000,3840.000000,,,,,,OK,0,0,"connections_25_run_3.txt"
"2026-09-28T13:25:09Z",4,25,"30s",4,41756.33,1256836,"2.79MB",488.240000,61.860000,495.000000,515.000000,536.000000,,687.000000,2380.000000,,,,,,OK,0,0,"connections_25_run_4.txt"
"2026-09-28T13:25:41Z",4,25,"30s",5,41717.62,1255688,"2.78MB",488.760000,63.650000,496.000000,515.000000,536.000000,,694.000000,3770.000000,,,,,,OK,0,0,"connections_25_run_5.txt"
"2026-09-28T13:26:16Z",4,50,"30s",1,41885.98,1260764,"2.80MB",1040.000000,111.210000,1050.000000,1080.000000,1120.000000,,1370.000000,4410.000000,,,,,,OK,0,0,"connections_50_run_1.txt"
"2026-09-28T13:26:48Z",4,50,"30s",2,42199.19,1266069,"2.82MB",1030.000000,119.170000,1040.000000,1080.000000,1120.000000,,1360.000000,4430.000000,,,,,,OK,0,0,"connections_50_run_2.txt"
"2026-09-28T13:27:20Z",4,50,"30s",3,42182.75,1269706,"2.82MB",1030.000000,130.220000,1040.000000,1080.000000,1120.000000,,1390.000000,4500.000000,,,,,,OK,0,0,"connections_50_run_3.txt"
"2026-09-28T13:27:53Z",4,50,"30s",4,42174.62,1265327,"2.82MB",1030.000000,119.230000,1040.000000,1080.000000,1120.000000,,1370.000000,4440.000000,,,,,,OK,0,0,"connections_50_run_4.txt"
"2026-09-28T13:28:25Z",4,50,"30s",5,42061.74,1266046,"2.81MB",1030.000000,120.350000,1050.000000,1080.000000,1120.000000,,1360.000000,4410.000000,,,,,,OK,0,0,"connections_50_run_5.txt"
"2026-09-28T13:29:00Z",4,100,"30s",1,42112.32,1267575,"2.81MB",2240.000000,210.800000,2260.000000,2320.000000,2390.000000,,2800.000000,5670.000000,,,,,,OK,0,0,"connections_100_run_1.txt"
"2026-09-28T13:29:32Z",4,100,"30s",2,42418.81,1272633,"2.83MB",2230.000000,199.620000,2250.000000,2310.000000,2390.000000,,2760.000000,5290.000000,,,,,,OK,0,0,"connections_100_run_2.txt"
"2026-09-28T13:30:04Z",4,100,"30s",3,42281.50,1272673,"2.82MB",2240.000000,194.970000,2260.000000,2320.000000,2380.000000,,2740.000000,3960.000000,,,,,,OK,0,0,"connections_100_run_3.txt"
"2026-09-28T13:30:36Z",4,100,"30s",4,42331.43,1270243,"2.83MB",2240.000000,187.800000,2260.000000,2320.000000,2390.000000,,2740.000000,5750.000000,,,,,,OK,0,0,"connections_100_run_4.txt"
"2026-09-28T13:31:08Z",4,100,"30s",5,42341.57,1270376,"2.83MB",2240.000000,183.030000,2260.000000,2320.000000,2390.000000,,2720.000000,5580.000000,,,,,,OK,0,0,"connections_100_run_5.txt"
"2026-09-28T13:31:43Z",4,250,"30s",1,42430.85,1273218,"2.83MB",5670.000000,352.260000,5720.000000,5830.000000,5940.000000,,6620.000000,9170.000000,,,,,,OK,0,0,"connections_250_run_1.txt"
"2026-09-28T13:32:15Z",4,250,"30s",2,42517.65,1275781,"2.84MB",5670.000000,369.950000,5720.000000,5830.000000,5950.000000,,6680.000000,8860.000000,,,,,,OK,0,0,"connections_250_run_2.txt"
"2026-09-28T13:32:47Z",4,250,"30s",3,42650.29,1280058,"2.85MB",5630.000000,395.260000,5690.000000,5810.000000,5940.000000,,6700.000000,10170.000000,,,,,,OK,0,0,"connections_250_run_3.txt"
"2026-09-28T13:33:19Z",4,250,"30s",4,42699.44,1281283,"2.85MB",5630.000000,376.570000,5690.000000,5810.000000,5930.000000,,6540.000000,9040.000000,,,,,,OK,0,0,"connections_250_run_4.txt"
"2026-09-28T13:33:51Z",4,250,"30s",5,42684.81,1280840,"2.85MB",5620.000000,405.410000,5680.000000,5810.000000,5930.000000,,6760.000000,9150.000000,,,,,,OK,0,0,"connections_250_run_5.txt"
"2026-09-28T13:34:26Z",4,500,"30s",1,42073.83,1262896,"2.81MB",11650.000000,557.300000,11720.000000,11920.000000,12110.000000,,13000.000000,16150.000000,,,,,,OK,0,0,"connections_500_run_1.txt"
"2026-09-28T13:34:58Z",4,500,"30s",2,42216.99,1267181,"2.82MB",11630.000000,590.130000,11730.000000,11920.000000,12110.000000,,12910.000000,16330.000000,,,,,,OK,0,0,"connections_500_run_2.txt"
"2026-09-28T13:35:30Z",4,500,"30s",3,42137.51,1265545,"2.81MB",11650.000000,579.950000,11740.000000,11940.000000,12120.000000,,12930.000000,15800.000000,,,,,,OK,0,0,"connections_500_run_3.txt"
"2026-09-28T13:36:02Z",4,500,"30s",4,42046.21,1262348,"2.81MB",11680.000000,580.770000,11780.000000,11960.000000,12140.000000,,12850.000000,16770.000000,,,,,,OK,0,0,"connections_500_run_4.txt"
"2026-09-28T13:36:34Z",4,500,"30s",5,41952.55,1259254,"2.80MB",11720.000000,546.840000,11800.000000,11980.000000,12150.000000,,13010.000000,16020.000000,,,,,,OK,0,0,"connections_500_run_5.txt"
"2026-09-28T13:37:09Z",4,1000,"30s",1,39945.28,1199820,"2.67MB",24800.000000,766.310000,24870.000000,25100.000000,25350.000000,,26270.000000,29970.000000,,,,,,OK,0,0,"connections_1000_run_1.txt"
"2026-09-28T13:37:42Z",4,1000,"30s",2,40083.67,1203651,"2.68MB",24720.000000,920.000000,24860.000000,25110.000000,25360.000000,,26210.000000,28920.000000,,,,,,OK,0,0,"connections_1000_run_2.txt"
"2026-09-28T13:38:14Z",4,1000,"30s",3,40023.21,1201928,"2.67MB",24760.000000,900.000000,24890.000000,25140.000000,25390.000000,,26360.000000,29590.000000,,,,,,OK,0,0,"connections_1000_run_3.txt"
"2026-09-28T13:38:46Z",4,1000,"30s",4,40074.53,1203785,"2.68MB",24730.000000,890.000000,24850.000000,25100.000000,25350.000000,,26290.000000,28180.000000,,,,,,OK,0,0,"connections_1000_run_4.txt"
"2026-09-28T13:39:18Z",4,1000,"30s",5,40059.79,1202817,"2.67MB",24740.000000,940.000000,24880.000000,25130.000000,25400.000000,,26380.000000,29780.000000,,,,,,OK,0,0,"connections_1000_run_5.txt"
"2026-09-28T13:39:53Z",4,2500,"30s",1,38602.74,1160459,"2.58MB",64340.000000,2120.000000,64440.000000,64910.000000,65380.000000,,66640.000000,71290.000000,,,,,,OK,0,0,"connections_2500_run_1.txt"
"2026-09-28T13:40:25Z",4,2500,"30s",2,38693.34,1162942,"2.58MB",64210.000000,2640.000000,64460.000000,64990.000000,65540.000000,,67350.000000,69020.000000,,,,,,OK,0,0,"connections_2500_run_2.txt"
"2026-09-28T13:40:57Z",4,2500,"30s",3,38794.57,1166611,"2.59MB",63990.000000,2590.000000,64260.000000,64760.000000,65270.000000,,66780.000000,73210.000000,,,,,,OK,0,0,"connections_2500_run_3.txt"
"2026-09-28T13:41:29Z",4,2500,"30s",4,38782.68,1165903,"2.59MB",64010.000000,2600.000000,64360.000000,64850.000000,65310.000000,,66570.000000,70410.000000,,,,,,OK,0,0,"connections_2500_run_4.txt"
"2026-09-28T13:42:01Z",4,2500,"30s",5,38709.81,1164090,"2.58MB",64120.000000,2650.000000,64420.000000,64940.000000,65440.000000,,67030.000000,70890.000000,,,,,,OK,0,0,"connections_2500_run_5.txt"
"2026-09-28T13:42:36Z",4,5000,"30s",1,38071.62,1145788,"2.54MB",107870.000000,6060.000000,107410.000000,108250.000000,109540.000000,,123430.000000,318260.000000,,,,,,OK,0,0,"connections_5000_run_1.txt"
"2026-09-28T13:43:09Z",4,5000,"30s",2,38175.92,1148414,"2.55MB",107700.000000,5630.000000,107480.000000,108550.000000,111430.000000,,118300.000000,523790.000000,,,,,,OK,0,0,"connections_5000_run_2.txt"
"2026-09-28T13:43:41Z",4,5000,"30s",3,38188.94,1149317,"2.55MB",107510.000000,6310.000000,107320.000000,108240.000000,109760.000000,,123820.000000,316380.000000,,,,,,OK,0,0,"connections_5000_run_3.txt"
"2026-09-28T13:44:13Z",4,5000,"30s",4,38164.04,1148774,"2.55MB",110110.000000,6960.000000,110090.000000,111460.000000,115160.000000,,118870.000000,328100.000000,,,,,,OK,0,0,"connections_5000_run_4.txt"
"2026-09-28T13:44:45Z",4,5000,"30s",5,38213.51,1149436,"2.55MB",107600.000000,6490.000000,107430.000000,108380.000000,110040.000000,,122070.000000,320930.000000,,,,,,OK,0,0,"connections_5000_run_5.txt"
"2026-09-28T13:45:20Z",4,10000,"30s",1,37754.84,1135505,"2.52MB",117130.000000,28420.000000,110200.000000,118020.000000,131250.000000,,315290.000000,539750.000000,,,,,,OK,0,0,"connections_10000_run_1.txt"
"2026-09-28T13:45:52Z",4,10000,"30s",2,37892.61,1138943,"2.53MB",116170.000000,31330.000000,110160.000000,118100.000000,132030.000000,,176760.000000,958530.000000,,,,,,OK,0,0,"connections_10000_run_2.txt"
"2026-09-28T13:46:24Z",4,10000,"30s",3,37821.08,1137087,"2.52MB",118760.000000,43680.000000,111110.000000,119550.000000,130960.000000,,330080.000000,984740.000000,,,,,,OK,0,0,"connections_10000_run_3.txt"
"2026-09-28T13:46:57Z",4,10000,"30s",4,37697.53,1133331,"2.52MB",153270.000000,47820.000000,131550.000000,204590.000000,222970.000000,,325110.000000,533220.000000,,,,,,OK,0,0,"connections_10000_run_4.txt"
"2026-09-28T13:47:29Z",4,10000,"30s",5,37876.78,1139974,"2.53MB",116630.000000,36040.000000,110000.000000,116890.000000,132370.000000,,185800.000000,989640.000000,,,,,,OK,0,0,"connections_10000_run_5.txt"
"2026-09-28T13:48:05Z",4,20000,"30s",1,9048.22,277247,"618.53KB",776550.000000,488760.000000,698850.000000,1170000.000000,1470000.000000,,1880000.000000,2000000.000000,0,0,0,812,,ERRORS,0,0,"connections_20000_run_1.txt"
"2026-09-28T13:48:38Z",4,20000,"30s",2,9380.63,287532,"641.25KB",769510.000000,497470.000000,678800.000000,1170000.000000,1500000.000000,,1880000.000000,2000000.000000,0,0,0,710,,ERRORS,0,0,"connections_20000_run_2.txt"
"2026-09-28T13:49:10Z",4,20000,"30s",3,9429.02,286356,"644.56KB",706880.000000,482870.000000,577610.000000,1090000.000000,1450000.000000,,1810000.000000,2000000.000000,0,0,0,365,,ERRORS,0,0,"connections_20000_run_3.txt"
"2026-09-28T13:49:43Z",4,20000,"30s",4,9343.30,285888,"638.70KB",654980.000000,440440.000000,530870.000000,989540.000000,1370000.000000,,1640000.000000,1990000.000000,,,,,,OK,0,0,"connections_20000_run_4.txt"
"2026-09-28T13:50:16Z",4,20000,"30s",5,9423.47,286039,"644.18KB",820730.000000,516230.000000,746160.000000,1250000.000000,1560000.000000,,1920000.000000,2000000.000000,0,0,0,1455,,ERRORS,0,0,"connections_20000_run_5.txt"
